{"roc_auc":0.5884457552,"accuracy":0.8755832037,"precision":0.375,"recall":0.0062761506,"f1_score":0.012345679}